{"cameraMode":{"drawMode":0,"name":"Shaded","section":"Shading Mode"},"sceneLighting":false,"audioPlay":false,"sceneViewState":{"showFog":false,"showMaterialUpdate":false,"showSkybox":false,"showFlares":false,"showImageEffects":false,"showParticleSystems":false},"in2DMode":false,"pivot":{"x":6.219999313354492,"y":8.518632888793946,"z":5.960464477539063e-8},"rotation":{"x":0.25453731417655947,"y":-0.0675370991230011,"z":0.01781986467540264,"w":0.9645532369613648},"size":4.346360206604004,"orthographic":false}