{"cameraMode":{"drawMode":0,"name":"Shaded","section":"Shading Mode"},"sceneLighting":false,"audioPlay":false,"sceneViewState":{"showFog":false,"showMaterialUpdate":false,"showSkybox":false,"showFlares":false,"showImageEffects":false,"showParticleSystems":false},"in2DMode":false,"pivot":{"x":-0.2005600929260254,"y":19.853347778320314,"z":-15.83096694946289},"rotation":{"x":0.4316261112689972,"y":-0.049485255032777789,"z":0.023722009733319284,"w":0.9003986120223999},"size":23.154796600341798,"orthographic":false}